<?xml version="1.0" encoding="UTF-8" ?>
<!DOCTYPE mapper PUBLIC "-//mybatis.org//DTD Mapper 3.0//EN"
  "http://mybatis.org/dtd/mybatis-3-mapper.dtd">

<!-- sql Mapper -->
<mapper namespace="BoardDAO">

		
	<select id="getBoardList" resultType="board">
		SELECT * 
		FROM board_modu 
		ORDER BY bno DESC 
	</select>
	
	<select id="getBoard" parameterType="board" resultType="board">
		<![CDATA[
		select * from board_modu where bno=#{bno}
		]]>
	</select>


	
	
	<insert id="insertBoard">
		<![CDATA[
		INSERT INTO board (seq, title, writer,content)
		VALUES((select nvl(max(seq), 0)+1 from board),#{title},#{writer},#{content})
		]]>
	</insert>
	
	<update id="updateBoard">
		<![CDATA[
		update board set title=#{title}, content=#{content} where seq=#{seq}
		]]>
	</update>
	
	
	<delete id="deleteBoard">
		<![CDATA[
		delete from board where seq= #{seq}
		]]>
	</delete>
	


</mapper>
