<?xml version="1.0" encoding="UTF-8" ?>
<!DOCTYPE mapper PUBLIC "-//mybatis.org//DTD Mapper 3.0//EN"
  "http://mybatis.org/dtd/mybatis-3-mapper.dtd">

<!-- sql Mapper -->
<mapper namespace="BoardDAO">

	<!-- db칼럼명과 자바에서의 변수명이 일치하지 않을 때 사용 -->
	<resultMap type="board" id="boardResult">
		<id property="seq" column="SEQ"/>
		<result property="title" column="TITLE"/>
		<result property="writer" column="WRITER"/>
		<result property="content" column="CONTENT"/>
		<result property="regDate" column="REGDATE"/>
		<result property="cnt" column="CNT"/>
		
	</resultMap>
		
	<select id="getBoardList" resultMap="boardResult">
		SELECT * 
		FROM board 
		WHERE 1=1
		<if test="searchCondition == 'TITLE'">
			AND TITLE LIKE '%'||#{searchKeyword}||'%' 
		</if>
		<if test="searchCondition == 'CONTENT'">
			AND CONTENT LIKE '%' ||#{searchKeyword}||'%' 
		</if>
		ORDER BY seq DESC

	</select>
	
	<select id="getBoard" parameterType="board" resultType="board">
		<![CDATA[
		select * from board where seq=#{seq}
		]]>
	</select>


	
	
	<insert id="insertBoard">
		<![CDATA[
		INSERT INTO board (seq, title, writer,content)
		VALUES((select nvl(max(seq), 0)+1 from board),#{title},#{writer},#{content})
		]]>
	</insert>
	
	<update id="updateBoard">
		<![CDATA[
		update board set title=#{title}, content=#{content} where seq=#{seq}
		]]>
	</update>
	
	
	<delete id="deleteBoard">
		<![CDATA[
		delete from board where seq= #{seq}
		]]>
	</delete>
	


</mapper>
