<?xml version="1.0" encoding="UTF-8"?>
<beans xmlns="http://www.springframework.org/schema/beans"
	xmlns:xsi="http://www.w3.org/2001/XMLSchema-instance"
	xmlns:context="http://www.springframework.org/schema/context"
	xmlns:mvc="http://www.springframework.org/schema/mvc"
	xsi:schemaLocation="http://www.springframework.org/schema/mvc http://www.springframework.org/schema/mvc/spring-mvc-4.2.xsd
		http://www.springframework.org/schema/beans http://www.springframework.org/schema/beans/spring-beans.xsd
		http://www.springframework.org/schema/context http://www.springframework.org/schema/context/spring-context-4.2.xsd">

	<!-- 여기에 dispatcherServlet이 사용할 
		HandlerMapping, Controller, ViewResolver 클래슬르 bean 등록 -->

	<!-- 어노테이션 사용 선언 -->
	<context:component-scan base-package="com.springbook.view"></context:component-scan>
	
	<!--예외처리 -->
	<mvc:annotation-driven></mvc:annotation-driven>
	
	<!-- 파일 업로드 설정 -->
	<bean id="multipartResolver" class="org.springframework.web.multipart.commons.CommonsMultipartResolver">
		<property name="maxUploadSize" value="1000000"></property>
	</bean>
	
	<!-- 다국어 설정 -->
	<!-- MessageSource 등록 -->
	<bean id="messageSource"
		class="org.springframework.context.support.ResourceBundleMessageSource">
		<property name="basenames">
			<list>
				<value>message.messageSource</value>
			</list>
		</property>
	</bean>
	
	<!-- LocalResolver 등록 -->
	<bean id="localeResolver" class="org.springframework.web.servlet.i18n.SessionLocaleResolver"></bean>
	
	<!-- LocalChangeInterceptor 등록 -->
	<mvc:interceptors>
		<bean class="org.springframework.web.servlet.i18n.LocaleChangeInterceptor">
			<property name="paramName" value="lang"/>
		</bean> 
	</mvc:interceptors>
	
</beans>
