<?xml version="1.0" encoding="UTF-8"?>
<beans xmlns="http://www.springframework.org/schema/beans"
	xmlns:xsi="http://www.w3.org/2001/XMLSchema-instance"
	xmlns:context="http://www.springframework.org/schema/context"
	xsi:schemaLocation="http://www.springframework.org/schema/beans http://www.springframework.org/schema/beans/spring-beans.xsd
		http://www.springframework.org/schema/context http://www.springframework.org/schema/context/spring-context-3.1.xsd">


	<!-- 여기에 dispatcherServlet이 사용할 
		HandlerMapping, Controller, ViewResolver 클래슬르 bean 등록 -->

	<!-- 어노테이션 선언 -->
	<context:component-scan base-package="com.springbook.view"></context:component-scan>
	
	
	<!-- HandlerMapping 등록 -->
	<!-- 
	<bean class="org.springframework.web.servlet.handler.SimpleUrlHandlerMapping">
		<property name="mappings">
			<props>
				<prop key="/login.do">login</prop>
				<prop key="/getBoardList.do">getBoardList</prop>
				<prop key="/getBoard.do">getBoard</prop>
				<prop key="/insertBoard.do">insertBoard</prop>
				<prop key="/updateBoard.do">updateBoard</prop>
				<prop key="/deleteBoard.do">deleteBoard</prop>
				<prop key="/logout.do">logout</prop>
			</props>
		</property>
	</bean> -->
	
	<!-- controller 등록 -->
	<!-- 
	<bean id="login" class="com.springbook.view.user.LoginController"></bean>
	<bean id="getBoardList" class="com.springbook.view.board.GetBoardListController"></bean>
	<bean id="getBoard" class="com.springbook.view.board.GetBoardController"></bean>
	<bean id="insertBoard" class="com.springbook.view.board.InsertBoardController"></bean>
	<bean id="updateBoard" class="com.springbook.view.board.UpdateBoardController"></bean>
	<bean id="deleteBoard" class="com.springbook.view.board.DeleteBoardController"></bean>
	<bean id="logout" class="com.springbook.view.user.LogoutController"></bean>
	 -->
	<!-- viewResolver 등록 -->
	<!-- 
	<bean id="viewResolver" class="org.springframework.web.servlet.view.InternalResourceViewResolver">
		<property name="prefix" value="/WEB-INF/board/"></property>
		<property name="suffix" value=".jsp"></property>
	</bean>
	 -->
</beans>
