<?xml version="1.0" encoding="UTF-8" ?>
<!DOCTYPE configuration
  PUBLIC "-//mybatis.org//DTD Config 3.0//EN"
  "http://mybatis.org/dtd/mybatis-3-config.dtd">
<configuration>
	<!-- properties 파일 설정 -->
	<!-- ${jdbc.driverClassName}형식으로 쓸수 있게 해줌 -->
	<properties resource="db.properties" />
	
	<!-- 알리야스 설정 -->
	<!-- sql Mapper(board-mapping.xml)에서 #{content}이런 형식으로 쓸수 있게 해줌. -->
	<typeAliases>
		<typeAlias type="com.springbook.biz.board.BoardVO" alias="board"></typeAlias> 
	</typeAliases>
	
	<!-- DataSource 설정 -->
	<environments default="development">
		<environment id="development">
			<transactionManager type="JDBC" />
			<dataSource type="POOLED">
				<property name="driver" value="${jdbc.driverClassName}" />
				<property name="url" value="${jdbc.url}" />
				<property name="username" value="${jdbc.username}" />
				<property name="password" value="${jdbc.password}" />
			</dataSource>
		</environment>
	</environments>
	
	<!-- sql Mapper 설정 -->
	<mappers>
		<mapper resource="mappings/board-mapping.xml" />
	</mappers>
</configuration>
